SoilCode,SoilCode_1,Horizon_Th,Min_Depth_,Max_Depth_,Sand_Perce,Silt_Perce,Clay_Perce,EC_dcpermi,Organic_Ca,Excha_Calc,Excha_Magn,Excha_Sodi,Excha_Pota,Cation_Exc,Base_Satur,Excha_So_1,Texture,pH,SoilCode_2,Groups,Sub_Groups,Family_Tex,Family_Min,Family_Tem,Orders,Sub_Orders,Sub_Soil_C,Surface_Te,Sub_Soil_G,Effervesce,Horizon,Soil_Depth,SoilCode_3,Soil_Serie,Shape_Leng,Shape_Area,area_km2
114,114,28.0,0.0,28.0,78.0,10.0,12.0,0.01,0.28,4.0,2.7,0.2,0.1,8.0,87.5,2.5,Loamy Sand,5.5,114,Ustorthents,Lithic Ustorthents,Sandy Skeletal,Mixed,Isohyperthermic,Entisols,Orthents,2.5YR3/4,Gravelly Loamy Sand,40,,A-C-R,25-50(28),114,Bisalahalli,1697391.14153,326140923.669,290.10277678576347
172,172,15.0,0.0,15.0,48.39,9.54,42.04,0.11,0.6,13.25,5.5,0.66,0.04,25.92,75.04,2.55,Sandy Clay,7.7,172,Rhodustalfs,Typic Rhodustalfs,Fine,Mixed,Isohyperthermic,Alfisols,Ustalfs,2.5YR3/6,Sandy Clay,20,,Ap-Bt,50-75(69),172,Chittanahalli,1686455.76288,351848406.314,189.44552913020755
172,172,23.0,15.0,38.0,47.59,10.25,39.75,0.08,0.54,21.25,5.5,0.67,0.16,32.64,84.5,2.05,Sandy Clay,7.68,172,Rhodustalfs,Typic Rhodustalfs,Fine,Mixed,Isohyperthermic,Alfisols,Ustalfs,2.5YR3/6,Sandy Clay,20,,Ap-Bt,50-75(69),172,Chittanahalli,1686455.76288,351848406.314,189.44552913020755
172,172,31.0,38.0,69.0,42.78,6.75,47.5,0.1,0.48,23.0,7.5,0.93,0.11,33.6,93.87,2.77,Clay,7.54,172,Rhodustalfs,Typic Rhodustalfs,Fine,Mixed,Isohyperthermic,Alfisols,Ustalfs,2.5YR3/6,Sandy Clay,20,,Ap-Bt,50-75(69),172,Chittanahalli,1686455.76288,351848406.314,189.44552913020755
616,616,16.0,18.0,34.0,71.3,9.6,19.1,0.4,0.41,0.0,0.0,0.0,0.0,14.1,0.0,0.0,Sandy Loam,7.8,616,Ustifluvents,Typic Ustifluvents,Fine Loamy,Mixed,Isohyperthermic,Entisols,Fluvents,"10YR5/2, 5/4, 7.5YR 4/4",Clay Loam,10-25,Strong,Ap-A3-2c2,100- 150 (145),616,Roppam,4018446.80916,492016463.657,420.93287141606345
616,616,18.0,0.0,18.0,71.3,10.4,18.3,0.1,0.75,0.0,0.0,0.0,0.0,12.2,0.0,0.0,Sandy Loam,6.6,616,Ustifluvents,Typic Ustifluvents,Fine Loamy,Mixed,Isohyperthermic,Entisols,Fluvents,"10YR5/2, 5/4, 7.5YR 4/4",Clay Loam,10-25,Strong,Ap-A3-2c2,100- 150 (145),616,Roppam,4018446.80916,492016463.657,420.93287141606345
616,616,32.0,113.0,145.0,72.2,6.3,21.5,0.5,0.26,0.0,0.0,0.0,0.0,15.3,0.0,0.0,Sandy Clay Loam,8.4,616,Ustifluvents,Typic Ustifluvents,Fine Loamy,Mixed,Isohyperthermic,Entisols,Fluvents,"10YR5/2, 5/4, 7.5YR 4/4",Clay Loam,10-25,Strong,Ap-A3-2c2,100- 150 (145),616,Roppam,4018446.80916,492016463.657,420.93287141606345
616,616,33.0,80.0,113.0,64.6,8.4,27.0,0.22,0.41,0.0,0.0,0.0,0.0,17.5,0.0,0.0,Sandy Clay Loam,8.8,616,Ustifluvents,Typic Ustifluvents,Fine Loamy,Mixed,Isohyperthermic,Entisols,Fluvents,"10YR5/2, 5/4, 7.5YR 4/4",Clay Loam,10-25,Strong,Ap-A3-2c2,100- 150 (145),616,Roppam,4018446.80916,492016463.657,420.93287141606345
616,616,46.0,34.0,80.0,71.7,8.9,19.4,0.2,0.29,0.0,0.0,0.0,0.0,13.9,0.0,0.0,Sandy Loam,8.5,616,Ustifluvents,Typic Ustifluvents,Fine Loamy,Mixed,Isohyperthermic,Entisols,Fluvents,"10YR5/2, 5/4, 7.5YR 4/4",Clay Loam,10-25,Strong,Ap-A3-2c2,100- 150 (145),616,Roppam,4018446.80916,492016463.657,420.93287141606345
54,54,11.0,0.0,11.0,74.06,7.5,17.95,0.12,0.45,9.12,4.25,0.43,0.52,16.8,83.01,0.0,Sandy Loam,6.6,54,Haplustalfs,Typic Haplustalfs,Fine,Mixed,Isohyperthermic,Alfisols,Ustalfs,"5YR4/4, 4/6, 2.5YR 3/4, 3/6, 4/6, 7.5YR 5/6, 4/4",Sandy Loam,,,Ap-Bt-Crk,50-75(67),54,Ballasamudra,4100853.43563,787997919.306,444.50802813645606
54,54,26.0,11.0,37.0,59.25,6.25,34.25,0.15,0.4,22.02,6.34,0.47,0.41,33.6,94.88,0.0,Sandy Clay Loam,6.0,54,Haplustalfs,Typic Haplustalfs,Fine,Mixed,Isohyperthermic,Alfisols,Ustalfs,"5YR4/4, 4/6, 2.5YR 3/4, 3/6, 4/6, 7.5YR 5/6, 4/4",Sandy Loam,,,Ap-Bt-Crk,50-75(67),54,Ballasamudra,4100853.43563,787997919.306,444.50802813645606
54,54,30.0,37.0,67.0,38.33,11.25,50.25,0.06,0.24,17.23,5.64,0.47,0.41,26.7,96.92,0.0,Clay,6.4,54,Haplustalfs,Typic Haplustalfs,Fine,Mixed,Isohyperthermic,Alfisols,Ustalfs,"5YR4/4, 4/6, 2.5YR 3/4, 3/6, 4/6, 7.5YR 5/6, 4/4",Sandy Loam,,,Ap-Bt-Crk,50-75(67),54,Ballasamudra,4100853.43563,787997919.306,444.50802813645606
375,375,9.0,0.0,9.0,63.75,10.5,25.75,0.13,0.88,14.6,6.0,1.08,0.17,19.2,113.8,5.63,Sandy Clay Loam,6.4,375,Haplustepts,Typic Haplustepts,Loamy Skeletal,Mixed,Isohyperthermic,Inceptisols,Ustepts,"5YR3/4,3/2",Sandy Clay Loam,70,,Ap-Bw,100-150(100),375,Kalkunte,815998.613189,161370483.572,37.332136839473954
375,375,21.0,9.0,30.0,65.5,6.0,28.5,0.11,0.59,16.0,7.0,1.13,0.12,38.4,63.15,2.94,Sandy Clay Loam,6.5,375,Haplustepts,Typic Haplustepts,Loamy Skeletal,Mixed,Isohyperthermic,Inceptisols,Ustepts,"5YR3/4,3/2",Sandy Clay Loam,70,,Ap-Bw,100-150(100),375,Kalkunte,815998.613189,161370483.572,37.332136839473954
375,375,30.0,70.0,100.0,61.25,9.25,29.5,0.2,0.73,23.6,12.8,1.91,0.12,28.5,134.84,6.7,Sandy Clay Loam,7.3,375,Haplustepts,Typic Haplustepts,Loamy Skeletal,Mixed,Isohyperthermic,Inceptisols,Ustepts,"5YR3/4,3/2",Sandy Clay Loam,70,,Ap-Bw,100-150(100),375,Kalkunte,815998.613189,161370483.572,37.332136839473954
375,375,40.0,30.0,70.0,61.75,9.75,28.5,0.19,0.43,21.4,14.0,1.19,0.1,40.2,91.27,2.96,Sandy Clay Loam,7.9,375,Haplustepts,Typic Haplustepts,Loamy Skeletal,Mixed,Isohyperthermic,Inceptisols,Ustepts,"5YR3/4,3/2",Sandy Clay Loam,70,,Ap-Bw,100-150(100),375,Kalkunte,815998.613189,161370483.572,37.332136839473954
312,312,8.0,35.0,43.0,85.0,5.75,9.0,0.52,0.6,15.4,4.0,0.19,0.65,19.14,105.75,3.4,Loamy Sand,7.24,312,Ustifluvents,Typic Ustifluvents,Clayey Over Sandy,Mixed,Isohyperthermic,Entisols,Orthents,"10YR3/3, 3/2, 4/3, 5/6, 4/4",Sandy Clay Loam,5-10,Slight-Violent,Ap-2A-3C,100-150(100),312,Hullikere,439716.46817,54943205.0946,35.648670636027155
312,312,10.0,0.0,10.0,61.0,9.0,29.25,0.44,0.75,12.8,9.2,0.44,0.86,29.37,79.33,2.93,Sandy Clay Loam,6.8,312,Ustifluvents,Typic Ustifluvents,Clayey Over Sandy,Mixed,Isohyperthermic,Entisols,Orthents,"10YR3/3, 3/2, 4/3, 5/6, 4/4",Sandy Clay Loam,5-10,Slight-Violent,Ap-2A-3C,100-150(100),312,Hullikere,439716.46817,54943205.0946,35.648670636027155
312,312,10.0,10.0,20.0,61.0,12.25,26.5,0.59,0.8,19.8,6.3,0.68,0.86,28.23,97.91,3.05,Sandy Clay Loam,6.72,312,Ustifluvents,Typic Ustifluvents,Clayey Over Sandy,Mixed,Isohyperthermic,Entisols,Orthents,"10YR3/3, 3/2, 4/3, 5/6, 4/4",Sandy Clay Loam,5-10,Slight-Violent,Ap-2A-3C,100-150(100),312,Hullikere,439716.46817,54943205.0946,35.648670636027155
312,312,15.0,20.0,35.0,65.0,10.0,25.5,0.54,0.6,7.9,3.4,0.32,1.08,13.53,93.87,7.98,Sandy Clay Loam,7.19,312,Ustifluvents,Typic Ustifluvents,Clayey Over Sandy,Mixed,Isohyperthermic,Entisols,Orthents,"10YR3/3, 3/2, 4/3, 5/6, 4/4",Sandy Clay Loam,5-10,Slight-Violent,Ap-2A-3C,100-150(100),312,Hullikere,439716.46817,54943205.0946,35.648670636027155
312,312,57.0,43.0,100.0,83.0,6.0,10.25,0.3,0.4,6.6,3.6,0.31,0.7,11.22,99.91,6.24,Loamy Sand,7.24,312,Ustifluvents,Typic Ustifluvents,Clayey Over Sandy,Mixed,Isohyperthermic,Entisols,Orthents,"10YR3/3, 3/2, 4/3, 5/6, 4/4",Sandy Clay Loam,5-10,Slight-Violent,Ap-2A-3C,100-150(100),312,Hullikere,439716.46817,54943205.0946,35.648670636027155
634,634,10.0,0.0,10.0,65.7,16.3,18.0,1.74,0.42,7.0,4.0,0.76,0.1,13.6,87.21,5.59,Sandy Loam,7.0,634,Ustorthents,Lithic Ustorthents,Loamy,Mixed,Isohyperthermic,Entisols,Orthents,"5YR,7.5YR 3/4",Sandy Loam,20-30,,A-R,10-25(10),634,Sankihalli,5159960.87673,930040978.56,89.04072934616207
205,205,15.0,0.0,15.0,82.0,7.0,11.0,0.06,0.33,3.5,3.0,0.5,0.1,8.0,88.75,6.25,Loamy Sand,6.5,205,Haplustepts,Typic Haplustepts,Clayey Skeletal,Mixed,Isohyperthermic,Inceptisols,Ustepts,5YR4/4,Loamy Sand,35,,Ap-Bw-Cr,25-50(40),205,Enugadale,3921894.77549,845534917.379,189.82025114501988
205,205,25.0,15.0,40.0,42.0,18.0,40.0,0.04,0.3,12.3,5.3,1.3,0.6,25.0,78.0,5.2,Clay,5.7,205,Haplustepts,Typic Haplustepts,Clayey Skeletal,Mixed,Isohyperthermic,Inceptisols,Ustepts,5YR4/4,Loamy Sand,35,,Ap-Bw-Cr,25-50(40),205,Enugadale,3921894.77549,845534917.379,189.82025114501988
243,243,13.0,0.0,13.0,45.36,18.35,35.0,0.05,1.23,5.5,4.75,0.28,0.66,21.44,52.19,1.31,Sandy Clay Loam,6.82,243,Haplustepts,Lithic Haplargids,Loamy,Mixed,Isohyperthermic,Inceptisols,Ustepts,"7.5YR2.5/3,3/3,10YR3/1,2/2,",Sandy Clay Loam,,,A-BW-Cr,25-50(32),243,Gumballi,304306.778912,87555717.0618,29.999846764138603
243,243,19.0,13.0,32.0,46.16,10.25,41.5,0.06,0.45,17.0,3.75,0.35,0.71,23.04,94.66,1.52,Sandy Clay Loam,6.67,243,Haplustepts,Lithic Haplargids,Loamy,Mixed,Isohyperthermic,Inceptisols,Ustepts,"7.5YR2.5/3,3/3,10YR3/1,2/2,",Sandy Clay Loam,,,A-BW-Cr,25-50(32),243,Gumballi,304306.778912,87555717.0618,29.999846764138603
269,269,15.0,0.0,15.0,43.0,14.0,43.0,0.2,0.88,37.6,6.1,0.1,0.3,42.2,44.1,0.0,Clay,7.1,269,Haplustepts,Typic Haplustepts,Loamy Skeletal,Mixed,Isohyperthermic,Inceptisols,Ustepts,"5YR3/2, 3/4, 10YR 3/2",Clay,40-60,,Ap-Bw-Cr,25- 50(35),269,Hanukanahalli,4203773.39001,1014995982.27,47.90312591046757
269,269,20.0,15.0,35.0,39.0,16.0,45.0,0.2,0.91,38.7,4.8,0.2,0.3,42.8,44.0,0.0,Clay,7.4,269,Haplustepts,Typic Haplustepts,Loamy Skeletal,Mixed,Isohyperthermic,Inceptisols,Ustepts,"5YR3/2, 3/4, 10YR 3/2",Clay,40-60,,Ap-Bw-Cr,25- 50(35),269,Hanukanahalli,4203773.39001,1014995982.27,47.90312591046757
502,502,10.0,0.0,10.0,61.0,10.55,28.25,0.15,0.43,9.4,7.6,0.2,0.2,24.75,70.3,0.81,Sandy Clay Loam,6.16,502,Ustorthents,Lithic Ustorthents,Loamy Skeletal,Mixed,Isohyperthermic,Entisols,Orthents,"2.5YR3/4, 5YR 4/6, 3/4",Sandy Clay Loam,40-60,,A-R,10-25(23),502,Manchalaghatta,1312265.6571,244930274.224,192.90471873415507
502,502,13.0,10.0,23.0,58.0,8.5,32.5,0.12,0.59,9.0,7.2,0.1,0.2,23.1,71.43,0.87,Sandy Clay Loam,6.19,502,Ustorthents,Lithic Ustorthents,Loamy Skeletal,Mixed,Isohyperthermic,Entisols,Orthents,"2.5YR3/4, 5YR 4/6, 3/4",Sandy Clay Loam,40-60,,A-R,10-25(23),502,Manchalaghatta,1312265.6571,244930274.224,192.90471873415507
7,7,12.0,0.0,12.0,17.1,9.2,20.7,0.01,0.15,3.1,1.0,0.4,0.1,6.2,74.19,6.45,Sandy Clay Loam,6.4,7,Ustorthents,Lithic Ustorthents,Loamy Skeletal,Mixed,Isohyperthermic,Entisols,Orthents,"5YR 3/4,  3/3, 2.5YR 3/4, 4/6",Sandy Clay Loam,35,,A-R,10-25(25),7,Aisandra,1229287.59399,367232373.351,58.67294383963447
7,7,13.0,12.0,25.0,69.0,8.8,22.2,0.1,0.01,9.8,2.6,0.2,0.1,14.5,87.59,1.38,Sandy Clay Loam,6.2,7,Ustorthents,Lithic Ustorthents,Loamy Skeletal,Mixed,Isohyperthermic,Entisols,Orthents,"5YR 3/4,  3/3, 2.5YR 3/4, 4/6",Sandy Clay Loam,35,,A-R,10-25(25),7,Aisandra,1229287.59399,367232373.351,58.67294383963447
163,163,3.0,24.0,27.0,70.17,10.06,18.75,0.08,0.2,6.8,3.0,0.3,0.09,10.9,93.49,0.91,Sandy Loam,6.65,163,Haplustepts,Typic Haplustepts,Loamy Skeletal,Mixed,Isohyperthermic,Inceptisols,Ustepts,"10YR5/4,6/4,4/4",Gravelly Loamy Sand,35-55,,A-Bw-Cr,25-50(27),163,Chikkonahalli,2430539.22384,478460230.073,5.233238406102123
163,163,10.0,0.0,10.0,76.51,14.87,10.25,0.16,0.6,8.6,1.2,0.06,0.02,11.9,83.03,0.17,Loamy Sand,6.18,163,Haplustepts,Typic Haplustepts,Loamy Skeletal,Mixed,Isohyperthermic,Inceptisols,Ustepts,"10YR5/4,6/4,4/4",Gravelly Loamy Sand,35-55,,A-Bw-Cr,25-50(27),163,Chikkonahalli,2430539.22384,478460230.073,5.233238406102123
163,163,14.0,10.0,24.0,71.29,12.9,15.75,0.1,0.6,5.6,1.4,0.31,0.07,9.6,76.88,0.73,Sandy Loam,6.08,163,Haplustepts,Typic Haplustepts,Loamy Skeletal,Mixed,Isohyperthermic,Inceptisols,Ustepts,"10YR5/4,6/4,4/4",Gravelly Loamy Sand,35-55,,A-Bw-Cr,25-50(27),163,Chikkonahalli,2430539.22384,478460230.073,5.233238406102123
270,270,10.0,0.0,10.0,75.9,4.0,20.1,0.18,0.16,10.7,3.8,2.78,0.58,13.96,127.94,19.91,Sandy Loam,8.22,270,Haplocambids,Ustic Haplocambids,Fine Loamy,Mixed,Isohyperthermic,Aridisols,Cambids,"5YR3/4, 4/4, 5/4, 2.5YR 3/6, 3/4, 7.5YR 5/6",Sandy Loam,10-20,,Ap-Bw-Cr,25-50(36),270,Hanumapura,748091.27006,152482287.083,63.20977728584814
270,270,10.0,10.0,20.0,74.21,4.25,21.54,0.18,0.08,10.4,3.4,0.85,0.52,13.68,110.89,6.21,Sandy Clay Loam,8.45,270,Haplocambids,Ustic Haplocambids,Fine Loamy,Mixed,Isohyperthermic,Aridisols,Cambids,"5YR3/4, 4/4, 5/4, 2.5YR 3/6, 3/4, 7.5YR 5/6",Sandy Loam,10-20,,Ap-Bw-Cr,25-50(36),270,Hanumapura,748091.27006,152482287.083,63.20977728584814
270,270,16.0,20.0,36.0,71.5,4.5,24.0,0.19,0.04,11.9,4.4,1.32,0.29,18.24,98.19,7.24,Sandy Clay Loam,8.85,270,Haplocambids,Ustic Haplocambids,Fine Loamy,Mixed,Isohyperthermic,Aridisols,Cambids,"5YR3/4, 4/4, 5/4, 2.5YR 3/6, 3/4, 7.5YR 5/6",Sandy Loam,10-20,,Ap-Bw-Cr,25-50(36),270,Hanumapura,748091.27006,152482287.083,63.20977728584814
319,319,15.0,0.0,15.0,83.29,4.19,12.16,0.14,0.39,5.39,0.34,0.37,2.46,11.1,77.12,3.33,Sandy Loam,6.7,319,Rhodustalfs,Typic Rhodustalfs,Clayey Skeletal,Mixed,Isohyperthermic,Alfisols,Ustalfs,2.5YR3/4,Sandy Loam,35-55,,Ap-Bt-Cr,50-75(65),319,Hutagalli,4559029.2641,1037915714.93,2.894376767340336
319,319,21.0,44.0,65.0,53.19,12.2,34.31,0.12,0.21,10.21,0.69,0.27,2.31,16.1,83.73,1.68,Sandy Clay,6.6,319,Rhodustalfs,Typic Rhodustalfs,Clayey Skeletal,Mixed,Isohyperthermic,Alfisols,Ustalfs,2.5YR3/4,Sandy Loam,35-55,,Ap-Bt-Cr,50-75(65),319,Hutagalli,4559029.2641,1037915714.93,2.894376767340336
319,319,29.0,15.0,44.0,41.0,8.23,57.45,0.14,0.27,9.48,0.82,0.37,4.51,19.7,77.06,1.88,Clay,6.7,319,Rhodustalfs,Typic Rhodustalfs,Clayey Skeletal,Mixed,Isohyperthermic,Alfisols,Ustalfs,2.5YR3/4,Sandy Loam,35-55,,Ap-Bt-Cr,50-75(65),319,Hutagalli,4559029.2641,1037915714.93,2.894376767340336
423,423,18.0,0.0,18.0,70.1,2.0,26.0,0.18,0.15,12.0,4.75,0.33,0.11,29.12,59.03,1.13,Sandy Clay Loam,6.62,423,Rhodustalfs,Typic Rhodustalfs,Loamy Skeletal,Mixed,Isohyperthermic,Alfisols,Ustalfs,"2.5YR3/3,3/4",Sandy Clay Loam,40-80,,A-Bt-BC-CR,50-75(65),423,Kenchayanadoddi,2067951.43938,683689332.782,0.22449655700344082
423,423,20.0,45.0,65.0,64.16,5.25,29.0,0.08,0.09,8.25,3.5,0.36,0.13,26.24,46.65,1.37,Sandy Clay Loam,6.68,423,Rhodustalfs,Typic Rhodustalfs,Loamy Skeletal,Mixed,Isohyperthermic,Alfisols,Ustalfs,"2.5YR3/3,3/4",Sandy Clay Loam,40-80,,A-Bt-BC-CR,50-75(65),423,Kenchayanadoddi,2067951.43938,683689332.782,0.22449655700344082
423,423,27.0,18.0,45.0,60.25,5.25,33.5,0.11,0.12,7.5,4.0,0.32,0.29,24.96,48.52,1.28,Sandy Clay Loam,6.67,423,Rhodustalfs,Typic Rhodustalfs,Loamy Skeletal,Mixed,Isohyperthermic,Alfisols,Ustalfs,"2.5YR3/3,3/4",Sandy Clay Loam,40-80,,A-Bt-BC-CR,50-75(65),423,Kenchayanadoddi,2067951.43938,683689332.782,0.22449655700344082
531,531,12.0,0.0,12.0,75.0,10.0,15.0,0.43,0.68,7.0,4.25,1.19,2.07,17.8,81.52,6.69,Sandy Loam,6.5,531,Haplustalfs,Typic Haplustalfs,Loamy Skeletal,Mixed,Isohyperthermic,Alfisols,Ustalfs,"5YR3/4, 4/4, 5/4, 2.5YR 3/6, 3/4",Sandy Loam,50,,A-Bt-Cr,50- 75(56),531,Muddapura,8682284.21712,1481789775.6,544.4761882016015
531,531,12.0,12.0,24.0,62.5,7.5,30.0,0.07,0.52,22.5,5.5,1.09,2.19,37.5,83.41,2.91,Sandy Clay Loam,6.6,531,Haplustalfs,Typic Haplustalfs,Loamy Skeletal,Mixed,Isohyperthermic,Alfisols,Ustalfs,"5YR3/4, 4/4, 5/4, 2.5YR 3/6, 3/4",Sandy Loam,50,,A-Bt-Cr,50- 75(56),531,Muddapura,8682284.21712,1481789775.6,544.4761882016015
531,531,32.0,24.0,56.0,42.5,22.5,35.0,0.11,0.2,16.25,7.5,1.06,2.27,34.2,79.18,3.1,Clay Loam,6.8,531,Haplustalfs,Typic Haplustalfs,Loamy Skeletal,Mixed,Isohyperthermic,Alfisols,Ustalfs,"5YR3/4, 4/4, 5/4, 2.5YR 3/6, 3/4",Sandy Loam,50,,A-Bt-Cr,50- 75(56),531,Muddapura,8682284.21712,1481789775.6,544.4761882016015
674,674,15.0,0.0,15.0,35.3,8.6,56.1,0.04,1.1,10.0,6.6,0.9,0.5,20.1,89.55,4.48,Clay,7.6,674,Haplustepts,Aquic Haplustepts,Fine,Mixed,Isohyperthermic,Inceptisols,Ustepts,"10YR4/2, 4/1",Clay,,,Ap-Bwg-C,100-150(112),674,Srinivasapur,9217998.55563,1282852056.14,35.33970441123631
674,674,19.0,15.0,34.0,29.8,12.6,57.6,0.04,0.7,10.7,7.0,1.0,1.3,21.9,91.32,4.57,Clay,7.8,674,Haplustepts,Aquic Haplustepts,Fine,Mixed,Isohyperthermic,Inceptisols,Ustepts,"10YR4/2, 4/1",Clay,,,Ap-Bwg-C,100-150(112),674,Srinivasapur,9217998.55563,1282852056.14,35.33970441123631
674,674,78.0,34.0,112.0,23.8,13.6,62.6,0.04,0.2,12.5,6.4,1.8,0.9,21.4,100.93,8.41,Clay,8.0,674,Haplustepts,Aquic Haplustepts,Fine,Mixed,Isohyperthermic,Inceptisols,Ustepts,"10YR4/2, 4/1",Clay,,,Ap-Bwg-C,100-150(112),674,Srinivasapur,9217998.55563,1282852056.14,35.33970441123631
722,722,12.0,0.0,12.0,68.25,8.5,13.25,0.37,0.91,12.8,4.8,0.96,0.63,21.12,90.86,4.55,Sandy Loam,6.66,722,Haplustepts,Typic Haplustepts,Loamy Skeletal,Mixed,Isohyperthermic,Inceptisols,Ustepts,"7.5YR3/4,5YR3/4",Sandy Loam,50-60,,Ap-Bw-cr,50-75(60),722,Vadesamudra,1049581.38387,303875412.16,134.6736129271349
722,722,24.0,12.0,36.0,64.25,12.25,23.5,0.22,0.8,9.5,13.5,0.76,0.19,25.74,93.05,2.95,Sandy Clay Loam,6.59,722,Haplustepts,Typic Haplustepts,Loamy Skeletal,Mixed,Isohyperthermic,Inceptisols,Ustepts,"7.5YR3/4,5YR3/4",Sandy Loam,50-60,,Ap-Bw-cr,50-75(60),722,Vadesamudra,1049581.38387,303875412.16,134.6736129271349
722,722,24.0,36.0,60.0,63.0,9.0,28.0,0.18,0.7,10.0,13.2,0.13,0.3,28.38,83.26,0.46,Sandy Clay Loam,6.78,722,Haplustepts,Typic Haplustepts,Loamy Skeletal,Mixed,Isohyperthermic,Inceptisols,Ustepts,"7.5YR3/4,5YR3/4",Sandy Loam,50-60,,Ap-Bw-cr,50-75(60),722,Vadesamudra,1049581.38387,303875412.16,134.6736129271349
143,143,20.0,0.0,20.0,77.0,6.0,17.0,0.18,1.4,7.0,4.5,0.41,1.0,15.4,84.0,2.66,Sandy Loam,5.8,143,Haplustepts,Typic Haplustepts,Fine Loamy,Mixed,Isohyperthermic,Inceptisols,Ustepts,"5YR4/4, 4/6, 5/6, 5/4,3/4, 3/3, 2.5YR 4/6",Sandy Loam,,,Ap-Bw-Cr,>150(160),143,Channarayapatna,638559.494238,105420016.736,3.1822085045489046
143,143,20.0,20.0,40.0,75.0,1.0,24.0,0.18,0.4,6.0,4.0,0.3,0.6,13.4,81.0,2.24,Sandy Clay Loam,5.7,143,Haplustepts,Typic Haplustepts,Fine Loamy,Mixed,Isohyperthermic,Inceptisols,Ustepts,"5YR4/4, 4/6, 5/6, 5/4,3/4, 3/3, 2.5YR 4/6",Sandy Loam,,,Ap-Bw-Cr,>150(160),143,Channarayapatna,638559.494238,105420016.736,3.1822085045489046
143,143,60.0,40.0,100.0,66.0,7.0,27.0,0.15,0.4,8.5,4.5,0.3,0.4,16.8,81.0,1.79,Sandy Clay Loam,5.6,143,Haplustepts,Typic Haplustepts,Fine Loamy,Mixed,Isohyperthermic,Inceptisols,Ustepts,"5YR4/4, 4/6, 5/6, 5/4,3/4, 3/3, 2.5YR 4/6",Sandy Loam,,,Ap-Bw-Cr,>150(160),143,Channarayapatna,638559.494238,105420016.736,3.1822085045489046
143,143,60.0,100.0,160.0,61.0,2.0,37.0,0.15,0.2,8.0,6.0,0.52,0.2,16.8,87.0,3.1,Sandy Clay,6.7,143,Haplustepts,Typic Haplustepts,Fine Loamy,Mixed,Isohyperthermic,Inceptisols,Ustepts,"5YR4/4, 4/6, 5/6, 5/4,3/4, 3/3, 2.5YR 4/6",Sandy Loam,,,Ap-Bw-Cr,>150(160),143,Channarayapatna,638559.494238,105420016.736,3.1822085045489046
41,41,20.0,0.0,20.0,76.07,5.75,17.5,0.36,0.74,4.0,3.2,0.1,0.26,7.92,95.45,3.28,Sandy Loam,7.46,41,Haplustepts,Typic Haplustepts,Clayey Skeletal,Mixed,Isohyperthermic,Inceptisols,Ustepts,"2.5YR3/6,10YR 4/6",Gravelly Sandy Loam,30-50,,A-Bw-Cr,100-150(102),41,Bachahalli,2772475.13649,385590027.061,201.67888688118248
41,41,20.0,82.0,102.0,54.5,3.75,41.75,0.22,0.12,2.0,1.8,0.1,0.25,9.9,41.92,2.53,Sandy Clay,6.46,41,Haplustepts,Typic Haplustepts,Clayey Skeletal,Mixed,Isohyperthermic,Inceptisols,Ustepts,"2.5YR3/6,10YR 4/6",Gravelly Sandy Loam,30-50,,A-Bw-Cr,100-150(102),41,Bachahalli,2772475.13649,385590027.061,201.67888688118248
41,41,26.0,20.0,46.0,67.25,4.25,28.5,0.23,0.17,6.0,5.0,0.2,0.4,17.6,65.91,2.27,Sandy Clay Loam,7.15,41,Haplustepts,Typic Haplustepts,Clayey Skeletal,Mixed,Isohyperthermic,Inceptisols,Ustepts,"2.5YR3/6,10YR 4/6",Gravelly Sandy Loam,30-50,,A-Bw-Cr,100-150(102),41,Bachahalli,2772475.13649,385590027.061,201.67888688118248
41,41,36.0,46.0,82.0,58.0,5.75,36.25,0.18,0.43,6.2,2.0,0.1,0.4,14.52,59.92,2.75,Sandy Clay,6.07,41,Haplustepts,Typic Haplustepts,Clayey Skeletal,Mixed,Isohyperthermic,Inceptisols,Ustepts,"2.5YR3/6,10YR 4/6",Gravelly Sandy Loam,30-50,,A-Bw-Cr,100-150(102),41,Bachahalli,2772475.13649,385590027.061,201.67888688118248
425,425,10.0,12.0,22.0,88.73,4.0,28.0,0.08,0.42,8.4,1.6,0.14,0.13,11.9,86.3,1.09,Sandy Clay Loam,6.09,425,Paleustalfs,Typic Paleustalfs,Loamy Skeletal,Mixed,Isohyperthermic,Alfisols,Ustalfs,"5YR3/4, 2.5YR 3/4, 3/6",Sand,35-45,,Ap-Bt-Cr,75-100(80),425,Kestur,864678.023909,138101179.862,95.79467645913799
425,425,12.0,0.0,12.0,70.74,2.0,7.75,0.1,0.0,5.5,1.5,0.15,0.15,8.6,84.88,1.74,Sand,5.79,425,Paleustalfs,Typic Paleustalfs,Loamy Skeletal,Mixed,Isohyperthermic,Alfisols,Ustalfs,"5YR3/4, 2.5YR 3/4, 3/6",Sand,35-45,,Ap-Bt-Cr,75-100(80),425,Kestur,864678.023909,138101179.862,95.79467645913799
425,425,20.0,22.0,42.0,66.28,4.75,22.75,0.13,0.3,8.0,1.5,0.16,0.12,12.5,78.24,0.96,Sandy Clay Loam,6.0,425,Paleustalfs,Typic Paleustalfs,Loamy Skeletal,Mixed,Isohyperthermic,Alfisols,Ustalfs,"5YR3/4, 2.5YR 3/4, 3/6",Sand,35-45,,Ap-Bt-Cr,75-100(80),425,Kestur,864678.023909,138101179.862,95.79467645913799
425,425,38.0,42.0,80.0,71.71,8.75,28.25,0.07,0.22,14.6,2.0,0.14,0.15,20.1,84.03,0.75,Sandy Clay Loam,6.53,425,Paleustalfs,Typic Paleustalfs,Loamy Skeletal,Mixed,Isohyperthermic,Alfisols,Ustalfs,"5YR3/4, 2.5YR 3/4, 3/6",Sand,35-45,,Ap-Bt-Cr,75-100(80),425,Kestur,864678.023909,138101179.862,95.79467645913799
525,525,12.0,18.0,30.0,56.95,3.75,39.0,0.17,0.47,15.2,2.2,0.2,0.2,19.2,92.71,1.32,Sandy Clay,5.95,525,Paleustalfs,Rhodic Paleustalfs,Clayey Skeletal,Mixed,Isohyperthermic,Alfisols,Ustalfs,"2.5YR3/4, 3/6",Loamy Sand,10-60,,A-Bt-cr,75-100(90),525,Modur,2556548.32992,630522658.652,41.39278926935957
525,525,18.0,0.0,18.0,0.0,3.25,10.0,0.23,0.3,10.0,3.25,0.2,0.21,18.15,75.26,1.16,Loamy Sand,6.15,525,Paleustalfs,Rhodic Paleustalfs,Clayey Skeletal,Mixed,Isohyperthermic,Alfisols,Ustalfs,"2.5YR3/4, 3/6",Loamy Sand,10-60,,A-Bt-cr,75-100(90),525,Modur,2556548.32992,630522658.652,41.39278926935957
525,525,30.0,30.0,60.0,49.64,6.75,43.0,0.17,0.23,9.25,4.75,0.2,0.2,17.49,82.33,1.14,Sandy Clay,5.92,525,Paleustalfs,Rhodic Paleustalfs,Clayey Skeletal,Mixed,Isohyperthermic,Alfisols,Ustalfs,"2.5YR3/4, 3/6",Loamy Sand,10-60,,A-Bt-cr,75-100(90),525,Modur,2556548.32992,630522658.652,41.39278926935957
525,525,30.0,60.0,90.0,51.07,8.75,48.5,0.15,0.35,8.3,2.0,0.2,0.39,15.18,71.74,2.57,Sandy Clay,6.09,525,Paleustalfs,Rhodic Paleustalfs,Clayey Skeletal,Mixed,Isohyperthermic,Alfisols,Ustalfs,"2.5YR3/4, 3/6",Loamy Sand,10-60,,A-Bt-cr,75-100(90),525,Modur,2556548.32992,630522658.652,41.39278926935957
572,572,14.0,16.0,30.0,23.08,16.25,58.0,0.12,0.44,26.88,8.9,0.31,0.25,35.66,101.91,0.87,Clay,8.55,572,Haplustepts,Aquic Haplustepts,Fine,Mixed,Isohyperthermic,Inceptisols,Ustepts,"10YR3/1,5/4,5/6,4/2,4/3,3/2",Clay,,Slight,A-A2-Bwg1-Bwg2,75-100(90),572,Nelsoge,4920618.94447,701930003.068,0.024094655177668588
572,572,16.0,0.0,16.0,40.59,12.0,46.5,0.38,0.57,21.6,3.96,0.29,0.12,22.95,113.16,1.26,Clay,8.13,572,Haplustepts,Aquic Haplustepts,Fine,Mixed,Isohyperthermic,Inceptisols,Ustepts,"10YR3/1,5/4,5/6,4/2,4/3,3/2",Clay,,Slight,A-A2-Bwg1-Bwg2,75-100(90),572,Nelsoge,4920618.94447,701930003.068,0.024094655177668588
572,572,24.0,66.0,90.0,43.5,10.5,44.75,0.72,0.31,20.4,6.48,1.12,0.28,27.0,104.74,4.15,Clay,9.43,572,Haplustepts,Aquic Haplustepts,Fine,Mixed,Isohyperthermic,Inceptisols,Ustepts,"10YR3/1,5/4,5/6,4/2,4/3,3/2",Clay,,Slight,A-A2-Bwg1-Bwg2,75-100(90),572,Nelsoge,4920618.94447,701930003.068,0.024094655177668588
572,572,36.0,30.0,66.0,46.22,9.0,44.5,0.63,0.37,26.28,4.76,1.25,0.54,25.65,127.99,4.87,Clay,9.64,572,Haplustepts,Aquic Haplustepts,Fine,Mixed,Isohyperthermic,Inceptisols,Ustepts,"10YR3/1,5/4,5/6,4/2,4/3,3/2",Clay,,Slight,A-A2-Bwg1-Bwg2,75-100(90),572,Nelsoge,4920618.94447,701930003.068,0.024094655177668588
603,603,23.0,0.0,23.0,73.37,8.7,17.0,0.1,0.72,19.25,6.25,0.31,0.33,32.64,80.09,1.01,Sandy Loam,6.52,603,Haplustalfs,Typic Haplustalfs,Clayey Skeletal,Mixed,Isohyperthermic,Alfisols,Ustalfs,"10YR3/6,5YR3/4",Sandy Loam,20-80,,Ap-A2-2Bt,100-150(120),603,Ramapuram,1628165.79742,351381680.744,0.07930933386204371
603,603,26.0,23.0,49.0,59.42,16.5,30.0,0.08,0.69,17.0,3.5,0.35,0.38,24.0,88.46,1.58,Sandy Clay Loam,6.51,603,Haplustalfs,Typic Haplustalfs,Clayey Skeletal,Mixed,Isohyperthermic,Alfisols,Ustalfs,"10YR3/6,5YR3/4",Sandy Loam,20-80,,Ap-A2-2Bt,100-150(120),603,Ramapuram,1628165.79742,351381680.744,0.07930933386204371
603,603,30.0,49.0,79.0,46.08,14.75,38.25,0.07,0.57,12.25,2.5,0.22,0.33,15.56,98.33,2.12,Sandy Clay,6.5,603,Haplustalfs,Typic Haplustalfs,Clayey Skeletal,Mixed,Isohyperthermic,Alfisols,Ustalfs,"10YR3/6,5YR3/4",Sandy Loam,20-80,,Ap-A2-2Bt,100-150(120),603,Ramapuram,1628165.79742,351381680.744,0.07930933386204371
603,603,41.0,79.0,120.0,41.89,9.5,47.75,0.07,0.39,15.25,3.25,0.19,0.3,21.76,87.27,1.38,Clay,6.92,603,Haplustalfs,Typic Haplustalfs,Clayey Skeletal,Mixed,Isohyperthermic,Alfisols,Ustalfs,"10YR3/6,5YR3/4",Sandy Loam,20-80,,Ap-A2-2Bt,100-150(120),603,Ramapuram,1628165.79742,351381680.744,0.07930933386204371
659,659,18.0,50.0,68.0,15.0,10.0,25.0,0.13,0.03,8.3,5.5,1.4,0.1,19.0,80.53,7.37,Sandy Clay Loam,8.3,659,Haplustepts,Typic Haplustepts,Fine Loamy,Mixed,Isohyperthermic,Inceptisols,Ustepts,"10YR4/4, 4/6, 5/6, 5/4,3/4, 3/3, 5.7YR 4/6",Sandy Clay Loam,,,A-Bw-Cr,100-150(105),659,Sigulahalli,8122918.25671,1359924104.09,82.44403976279368
659,659,20.0,0.0,20.0,59.0,13.0,28.0,0.09,0.28,14.5,5.5,1.5,0.3,23.0,94.78,6.52,Sandy Clay Loam,8.5,659,Haplustepts,Typic Haplustepts,Fine Loamy,Mixed,Isohyperthermic,Inceptisols,Ustepts,"10YR4/4, 4/6, 5/6, 5/4,3/4, 3/3, 5.7YR 4/6",Sandy Clay Loam,,,A-Bw-Cr,100-150(105),659,Sigulahalli,8122918.25671,1359924104.09,82.44403976279368
659,659,30.0,20.0,50.0,67.0,11.0,22.0,0.06,0.12,8.3,5.7,1.2,0.1,18.0,85.0,6.67,Sandy Clay Loam,8.6,659,Haplustepts,Typic Haplustepts,Fine Loamy,Mixed,Isohyperthermic,Inceptisols,Ustepts,"10YR4/4, 4/6, 5/6, 5/4,3/4, 3/3, 5.7YR 4/6",Sandy Clay Loam,,,A-Bw-Cr,100-150(105),659,Sigulahalli,8122918.25671,1359924104.09,82.44403976279368
659,659,37.0,68.0,105.0,38.0,17.0,45.0,0.12,0.03,14.8,8.7,1.7,0.1,30.0,84.33,5.67,Clay,8.4,659,Haplustepts,Typic Haplustepts,Fine Loamy,Mixed,Isohyperthermic,Inceptisols,Ustepts,"10YR4/4, 4/6, 5/6, 5/4,3/4, 3/3, 5.7YR 4/6",Sandy Clay Loam,,,A-Bw-Cr,100-150(105),659,Sigulahalli,8122918.25671,1359924104.09,82.44403976279368
91,91,14.0,0.0,14.0,65.5,9.0,25.5,0.24,1.2,15.2,5.5,0.13,0.42,26.3,80.8,1.6,Sandy Clay Loam,6.48,91,Haplustepts,Typic Haplustepts,Fine Loamy,Mixed,Isohyperthermic,Inceptisols,Ustepts,"7.5YR2.5/3, 3/3",Sandy Clay Loam,,Slight,Ap-Bw,>150(155),91,Bennane,1971237.47827,186150233.468,2.183630515887089
91,91,25.0,80.0,105.0,64.22,4.0,21.25,0.41,0.1,12.5,6.9,0.13,0.32,25.4,78.15,1.02,Sandy Clay Loam,7.05,91,Haplustepts,Typic Haplustepts,Fine Loamy,Mixed,Isohyperthermic,Inceptisols,Ustepts,"7.5YR2.5/3, 3/3",Sandy Clay Loam,,Slight,Ap-Bw,>150(155),91,Bennane,1971237.47827,186150233.468,2.183630515887089
91,91,32.0,48.0,80.0,59.5,10.25,30.25,0.28,0.12,15.0,9.1,0.06,0.13,29.0,83.76,0.45,Sandy Clay Loam,6.62,91,Haplustepts,Typic Haplustepts,Fine Loamy,Mixed,Isohyperthermic,Inceptisols,Ustepts,"7.5YR2.5/3, 3/3",Sandy Clay Loam,,Slight,Ap-Bw,>150(155),91,Bennane,1971237.47827,186150233.468,2.183630515887089
91,91,34.0,14.0,48.0,67.25,7.0,25.75,0.24,0.8,12.2,4.1,0.07,0.32,18.8,88.78,1.7,Sandy Clay Loam,6.62,91,Haplustepts,Typic Haplustepts,Fine Loamy,Mixed,Isohyperthermic,Inceptisols,Ustepts,"7.5YR2.5/3, 3/3",Sandy Clay Loam,,Slight,Ap-Bw,>150(155),91,Bennane,1971237.47827,186150233.468,2.183630515887089
252,252,10.0,0.0,10.0,78.0,4.0,18.0,0.5,0.65,2.5,2.2,0.02,0.6,6.2,85.81,0.32,Sandy Loam,5.4,252,Haplustalfs,Typic Haplustalfs,Fine Loamy,Mixed,Isohyperthermic,Alfisols,Ustalfs,"5YR3/4, 4/4, 4/6, 2.5YR 4/6,  7.5YR 4/6, 4/4",Sandy Loam,25,,A-Bt-C,100-150(109),252,Hagare,3256920.58088,634450396.669,297.8871428242626
252,252,19.0,34.0,53.0,61.0,6.0,33.0,0.25,0.36,4.5,3.2,0.04,0.1,10.4,75.38,0.38,Sandy Clay Loam,6.1,252,Haplustalfs,Typic Haplustalfs,Fine Loamy,Mixed,Isohyperthermic,Alfisols,Ustalfs,"5YR3/4, 4/4, 4/6, 2.5YR 4/6,  7.5YR 4/6, 4/4",Sandy Loam,25,,A-Bt-C,100-150(109),252,Hagare,3256920.58088,634450396.669,297.8871428242626
252,252,20.0,53.0,73.0,60.0,8.0,32.0,0.25,0.28,4.5,3.2,0.06,0.1,11.4,68.95,0.53,Sandy Clay Loam,6.5,252,Haplustalfs,Typic Haplustalfs,Fine Loamy,Mixed,Isohyperthermic,Alfisols,Ustalfs,"5YR3/4, 4/4, 4/6, 2.5YR 4/6,  7.5YR 4/6, 4/4",Sandy Loam,25,,A-Bt-C,100-150(109),252,Hagare,3256920.58088,634450396.669,297.8871428242626
252,252,24.0,10.0,34.0,60.0,7.0,33.0,0.5,0.62,4.7,3.0,0.02,0.2,9.8,80.82,0.2,Sandy Clay Loam,6.5,252,Haplustalfs,Typic Haplustalfs,Fine Loamy,Mixed,Isohyperthermic,Alfisols,Ustalfs,"5YR3/4, 4/4, 4/6, 2.5YR 4/6,  7.5YR 4/6, 4/4",Sandy Loam,25,,A-Bt-C,100-150(109),252,Hagare,3256920.58088,634450396.669,297.8871428242626
252,252,36.0,73.0,109.0,62.0,9.0,29.0,0.25,0.28,4.5,2.5,0.04,0.1,8.0,89.25,0.5,Clay,6.9,252,Haplustalfs,Typic Haplustalfs,Fine Loamy,Mixed,Isohyperthermic,Alfisols,Ustalfs,"5YR3/4, 4/4, 4/6, 2.5YR 4/6,  7.5YR 4/6, 4/4",Sandy Loam,25,,A-Bt-C,100-150(109),252,Hagare,3256920.58088,634450396.669,297.8871428242626
440,440,7.0,22.0,29.0,88.73,5.5,13.75,1.6,0.28,3.0,0.8,0.36,0.11,5.0,85.4,2.2,Sandy Loam,6.57,440,Haplustepts,Typic Haplustepts,Loamy,Mixed,Isohyperthermic,Inceptisols,Ustepts,"7.5YR4/4, 5/6, 5YR 4/4, 4/6",Loamy Sand,25-30,,Ap-Bw-Cr,25-50(44),440,Koppa,3143348.0816,705722410.908,363.0908644858676
440,440,7.0,37.0,44.0,52.17,8.75,39.0,0.32,0.44,10.6,10.8,0.1,0.8,29.7,75.08,2.69,Sandy Clay,7.57,440,Haplustepts,Typic Haplustepts,Loamy,Mixed,Isohyperthermic,Inceptisols,Ustepts,"7.5YR4/4, 5/6, 5YR 4/4, 4/6",Loamy Sand,25-30,,Ap-Bw-Cr,25-50(44),440,Koppa,3143348.0816,705722410.908,363.0908644858676
440,440,8.0,29.0,37.0,71.42,4.0,24.5,2.69,0.28,15.8,5.2,0.27,0.89,27.1,81.77,3.28,Sandy Clay Loam,7.08,440,Haplustepts,Typic Haplustepts,Loamy,Mixed,Isohyperthermic,Inceptisols,Ustepts,"7.5YR4/4, 5/6, 5YR 4/4, 4/6",Loamy Sand,25-30,,Ap-Bw-Cr,25-50(44),440,Koppa,3143348.0816,705722410.908,363.0908644858676
440,440,11.0,0.0,11.0,77.91,3.0,8.25,0.19,0.36,6.5,2.3,0.26,0.21,10.6,87.45,1.98,Loamy Sand,6.62,440,Haplustepts,Typic Haplustepts,Loamy,Mixed,Isohyperthermic,Inceptisols,Ustepts,"7.5YR4/4, 5/6, 5YR 4/4, 4/6",Loamy Sand,25-30,,Ap-Bw-Cr,25-50(44),440,Koppa,3143348.0816,705722410.908,363.0908644858676
440,440,11.0,11.0,22.0,81.42,7.0,11.5,0.19,0.4,6.6,1.8,0.07,0.12,10.6,81.04,1.13,Loamy Sand,6.15,440,Haplustepts,Typic Haplustepts,Loamy,Mixed,Isohyperthermic,Inceptisols,Ustepts,"7.5YR4/4, 5/6, 5YR 4/4, 4/6",Loamy Sand,25-30,,Ap-Bw-Cr,25-50(44),440,Koppa,3143348.0816,705722410.908,363.0908644858676
670,670,10.0,0.0,10.0,57.16,8.25,34.0,0.16,0.72,16.5,3.0,0.33,0.35,20.48,98.54,1.71,Sandy Clay Loam,6.59,670,Haplustalfs,Typic Haplustalfs,Fine,Mixed,Isohyperthermic,Alfisols,Ustalfs,"7.5YR3/4,4/65YR3/4",Sandy Clay Loam,,,A-Bt-cr,100-150(115),670,Sivana Samudra,1977080.92958,492412226.116,0.07617200245355225
670,670,13.0,27.0,40.0,49.71,6.25,40.5,0.07,0.54,18.0,2.5,0.41,0.34,21.76,97.66,1.88,Sandy Clay,6.4,670,Haplustalfs,Typic Haplustalfs,Fine,Mixed,Isohyperthermic,Alfisols,Ustalfs,"7.5YR3/4,4/65YR3/4",Sandy Clay Loam,,,A-Bt-cr,100-150(115),670,Sivana Samudra,1977080.92958,492412226.116,0.07617200245355225
670,670,15.0,40.0,55.0,46.99,7.5,42.75,0.09,0.48,16.5,5.25,0.44,0.31,24.32,92.52,1.81,Sandy Clay,6.22,670,Haplustalfs,Typic Haplustalfs,Fine,Mixed,Isohyperthermic,Alfisols,Ustalfs,"7.5YR3/4,4/65YR3/4",Sandy Clay Loam,,,A-Bt-cr,100-150(115),670,Sivana Samudra,1977080.92958,492412226.116,0.07617200245355225
670,670,17.0,10.0,27.0,54.22,4.75,38.75,0.09,0.6,17.0,4.5,0.43,0.33,23.04,96.61,1.87,Sandy Clay,6.33,670,Haplustalfs,Typic Haplustalfs,Fine,Mixed,Isohyperthermic,Alfisols,Ustalfs,"7.5YR3/4,4/65YR3/4",Sandy Clay Loam,,,A-Bt-cr,100-150(115),670,Sivana Samudra,1977080.92958,492412226.116,0.07617200245355225
670,670,60.0,55.0,115.0,50.0,9.75,38.75,0.1,0.45,21.75,4.5,0.34,0.23,33.92,79.07,1.0,Sandy Clay Loam,6.2,670,Haplustalfs,Typic Haplustalfs,Fine,Mixed,Isohyperthermic,Alfisols,Ustalfs,"7.5YR3/4,4/65YR3/4",Sandy Clay Loam,,,A-Bt-cr,100-150(115),670,Sivana Samudra,1977080.92958,492412226.116,0.07617200245355225
698,698,13.0,17.0,30.0,25.52,7.5,62.25,0.27,0.33,35.25,22.25,0.3,0.11,55.35,104.63,0.54,Clay,8.33,698,Haplusterts,Typic Haplusterts,Fine,Montmorillonitic,Isohyperthermic,Vertisols,Usterts,"10YR3/2,3/1",Clay Loam,,,A-Bss,100-150(120),698,Telanuru,1462508.41521,421864467.038,0.08228431630768232
698,698,17.0,0.0,17.0,31.44,29.5,38.75,0.25,0.36,13.75,5.75,0.23,0.25,19.84,100.71,1.16,Clay Loam,7.96,698,Haplusterts,Typic Haplusterts,Fine,Montmorillonitic,Isohyperthermic,Vertisols,Usterts,"10YR3/2,3/1",Clay Loam,,,A-Bss,100-150(120),698,Telanuru,1462508.41521,421864467.038,0.08228431630768232
698,698,28.0,92.0,120.0,17.55,9.5,71.5,0.3,0.24,27.25,5.5,0.67,0.65,34.56,98.58,1.94,Clay,8.6,698,Haplusterts,Typic Haplusterts,Fine,Montmorillonitic,Isohyperthermic,Vertisols,Usterts,"10YR3/2,3/1",Clay Loam,,,A-Bss,100-150(120),698,Telanuru,1462508.41521,421864467.038,0.08228431630768232
698,698,31.0,30.0,61.0,17.27,11.75,67.5,0.24,0.27,45.5,11.0,0.51,0.55,57.43,100.23,0.89,Clay,8.39,698,Haplusterts,Typic Haplusterts,Fine,Montmorillonitic,Isohyperthermic,Vertisols,Usterts,"10YR3/2,3/1",Clay Loam,,,A-Bss,100-150(120),698,Telanuru,1462508.41521,421864467.038,0.08228431630768232
698,698,31.0,61.0,92.0,20.35,9.5,67.0,0.23,0.21,46.75,14.25,0.33,0.69,60.35,102.77,0.55,Clay,8.31,698,Haplusterts,Typic Haplusterts,Fine,Montmorillonitic,Isohyperthermic,Vertisols,Usterts,"10YR3/2,3/1",Clay Loam,,,A-Bss,100-150(120),698,Telanuru,1462508.41521,421864467.038,0.08228431630768232
600,600,8.0,59.0,67.0,44.0,10.25,45.75,0.19,0.39,18.0,5.5,0.39,0.3,27.2,88.93,1.43,Clay,7.6,600,Haplustalfs,Typic Haplustalfs,Clayey Skeletal,Mixed,Isohyperthermic,Alfisols,Ustalfs,"10YR4/4,7.5YR3/4,4/4,2.5YR3/4,3/6",Sandy Clay,30-80,,Ap-Bt-Cr,100-150(142),600,Ram Samudra,1878917.77792,441300910.112,0.01756385007375927
600,600,15.0,0.0,15.0,57.44,3.25,38.25,0.22,0.57,7.0,5.75,0.2,0.1,17.66,73.9,1.13,Sandy Clay,7.12,600,Haplustalfs,Typic Haplustalfs,Clayey Skeletal,Mixed,Isohyperthermic,Alfisols,Ustalfs,"10YR4/4,7.5YR3/4,4/4,2.5YR3/4,3/6",Sandy Clay,30-80,,Ap-Bt-Cr,100-150(142),600,Ram Samudra,1878917.77792,441300910.112,0.01756385007375927
600,600,20.0,39.0,59.0,47.5,15.25,37.25,0.22,0.45,15.75,4.5,0.53,0.44,24.96,85.02,1.29,Sandy Clay,7.8,600,Haplustalfs,Typic Haplustalfs,Clayey Skeletal,Mixed,Isohyperthermic,Alfisols,Ustalfs,"10YR4/4,7.5YR3/4,4/4,2.5YR3/4,3/6",Sandy Clay,30-80,,Ap-Bt-Cr,100-150(142),600,Ram Samudra,1878917.77792,441300910.112,0.01756385007375927
600,600,24.0,15.0,39.0,52.56,6.15,40.8,0.21,0.54,13.25,6.0,0.35,0.25,24.32,81.62,1.44,Sandy Clay,7.5,600,Haplustalfs,Typic Haplustalfs,Clayey Skeletal,Mixed,Isohyperthermic,Alfisols,Ustalfs,"10YR4/4,7.5YR3/4,4/4,2.5YR3/4,3/6",Sandy Clay,30-80,,Ap-Bt-Cr,100-150(142),600,Ram Samudra,1878917.77792,441300910.112,0.01756385007375927
600,600,29.0,113.0,142.0,55.07,14.5,28.0,0.14,0.24,15.0,5.75,0.37,0.2,23.68,90.03,1.56,Sandy Clay Loam,7.12,600,Haplustalfs,Typic Haplustalfs,Clayey Skeletal,Mixed,Isohyperthermic,Alfisols,Ustalfs,"10YR4/4,7.5YR3/4,4/4,2.5YR3/4,3/6",Sandy Clay,30-80,,Ap-Bt-Cr,100-150(142),600,Ram Samudra,1878917.77792,441300910.112,0.01756385007375927
600,600,46.0,67.0,113.0,55.5,6.75,39.75,0.15,0.3,19.75,7.25,0.36,0.28,28.5,96.98,1.26,Sandy Clay,7.5,600,Haplustalfs,Typic Haplustalfs,Clayey Skeletal,Mixed,Isohyperthermic,Alfisols,Ustalfs,"10YR4/4,7.5YR3/4,4/4,2.5YR3/4,3/6",Sandy Clay,30-80,,Ap-Bt-Cr,100-150(142),600,Ram Samudra,1878917.77792,441300910.112,0.01756385007375927
92,92,9.0,41.0,50.0,54.24,8.25,37.0,0.67,0.29,15.8,4.2,0.15,0.62,29.0,71.62,2.14,Sandy Clay,6.19,92,Haplustepts,Aquic Haplustepts,Fine,Mixed,Isohyperthermic,Inceptisols,Ustepts,"10YR5/1, 5/2, 3/3,",Sandy Clay Loam,,,Ap-Bw-Cr,100-150(103),92,Besagarahalli,2593748.35815,366266604.635,307.06114103018314
92,92,12.0,0.0,12.0,70.91,6.0,22.25,0.78,1.18,18.6,5.6,0.08,0.28,26.4,93.03,1.06,Sandy Clay Loam,6.26,92,Haplustepts,Aquic Haplustepts,Fine,Mixed,Isohyperthermic,Inceptisols,Ustepts,"10YR5/1, 5/2, 3/3,",Sandy Clay Loam,,,Ap-Bw-Cr,100-150(103),92,Besagarahalli,2593748.35815,366266604.635,307.06114103018314
92,92,12.0,12.0,24.0,66.47,5.0,28.5,0.42,0.88,13.8,4.4,0.13,0.23,21.78,85.22,1.06,Sandy Clay Loam,6.36,92,Haplustepts,Aquic Haplustepts,Fine,Mixed,Isohyperthermic,Inceptisols,Ustepts,"10YR5/1, 5/2, 3/3,",Sandy Clay Loam,,,Ap-Bw-Cr,100-150(103),92,Besagarahalli,2593748.35815,366266604.635,307.06114103018314
92,92,15.0,50.0,65.0,49.27,7.25,42.25,0.93,0.22,10.8,4.2,0.21,0.51,20.79,75.61,2.45,Sandy Clay,7.48,92,Haplustepts,Aquic Haplustepts,Fine,Mixed,Isohyperthermic,Inceptisols,Ustepts,"10YR5/1, 5/2, 3/3,",Sandy Clay Loam,,,Ap-Bw-Cr,100-150(103),92,Besagarahalli,2593748.35815,366266604.635,307.06114103018314
92,92,17.0,24.0,41.0,51.15,5.0,40.0,0.59,0.46,25.2,9.2,0.23,0.33,37.28,93.78,0.89,Sandy Clay,6.88,92,Haplustepts,Aquic Haplustepts,Fine,Mixed,Isohyperthermic,Inceptisols,Ustepts,"10YR5/1, 5/2, 3/3,",Sandy Clay Loam,,,Ap-Bw-Cr,100-150(103),92,Besagarahalli,2593748.35815,366266604.635,307.06114103018314
92,92,38.0,65.0,103.0,48.55,8.5,41.25,0.58,0.44,17.4,11.2,0.32,1.61,32.67,93.45,4.93,Sandy Clay,7.82,92,Haplustepts,Aquic Haplustepts,Fine,Mixed,Isohyperthermic,Inceptisols,Ustepts,"10YR5/1, 5/2, 3/3,",Sandy Clay Loam,,,Ap-Bw-Cr,100-150(103),92,Besagarahalli,2593748.35815,366266604.635,307.06114103018314
219,219,8.0,10.0,18.0,45.0,10.75,44.25,0.31,1.0,25.8,14.2,1.6,0.09,42.9,97.18,0.21,Clay,7.4,219,Ustorthents,Typic Ustorthents,Clayey,Mixed,Isohyperthermic,Entisols,Orthents,5YR 3/3,Sandy Clay,,,A-Cr,10-25(18),219,Gaudagiri,709473.836371,98441069.2683,98.44106926276281
219,219,10.0,0.0,10.0,51.0,9.0,40.0,0.32,0.5,27.0,5.0,1.45,0.01,36.96,90.53,0.03,Sandy Clay,7.41,219,Ustorthents,Typic Ustorthents,Clayey,Mixed,Isohyperthermic,Entisols,Orthents,5YR 3/3,Sandy Clay,,,A-Cr,10-25(18),219,Gaudagiri,709473.836371,98441069.2683,98.44106926276281
714,714,12.0,0.0,12.0,75.7,9.2,15.1,1.2,0.49,5.5,3.5,0.49,0.1,11.0,87.18,4.45,Sandy Loam,6.0,714,Rhodustalfs,Typic Rhodustalfs,Loamy Skeletal,Mixed,Isohyperthermic,Alfisols,Ustalfs,2.5YR3/4,Sandy Loam,70,,Ap-Bt-cr,50-75(58),714,Ugranahalli,541146.532494,108556738.107,85.66391271603084
714,714,46.0,12.0,58.0,58.0,12.4,29.6,0.8,0.49,7.5,5.5,0.51,0.1,16.0,85.06,3.19,Sandy Clay Loam,5.3,714,Rhodustalfs,Typic Rhodustalfs,Loamy Skeletal,Mixed,Isohyperthermic,Alfisols,Ustalfs,2.5YR3/4,Sandy Loam,70,,Ap-Bt-cr,50-75(58),714,Ugranahalli,541146.532494,108556738.107,85.66391271603084
301,301,17.0,0.0,17.0,54.0,28.0,18.0,0.3,0.33,3.3,1.2,0.0,0.2,4.6,102.0,0.0,Sandy Loam,8.1,301,Haplustepts,Typic Haplustepts,Loamy Skeletal,Mixed,Isohyperthermic,Inceptisols,Ustepts,"5YR3/4, 2.5YR3/6",Sandy Loam,40-60,,A-Bw-Cr,75-100(83),301,Hosakere,4106151.09718,778046199.657,23.26588682477909
301,301,29.0,17.0,46.0,55.0,24.0,21.0,0.4,0.42,9.9,2.0,0.1,0.2,12.7,96.0,0.79,Sandy Clay Loam,6.9,301,Haplustepts,Typic Haplustepts,Loamy Skeletal,Mixed,Isohyperthermic,Inceptisols,Ustepts,"5YR3/4, 2.5YR3/6",Sandy Loam,40-60,,A-Bw-Cr,75-100(83),301,Hosakere,4106151.09718,778046199.657,23.26588682477909
301,301,37.0,46.0,83.0,70.0,19.0,11.0,0.5,0.38,10.2,2.7,0.3,0.2,13.9,96.0,2.16,Sandy Loam,7.2,301,Haplustepts,Typic Haplustepts,Loamy Skeletal,Mixed,Isohyperthermic,Inceptisols,Ustepts,"5YR3/4, 2.5YR3/6",Sandy Loam,40-60,,A-Bw-Cr,75-100(83),301,Hosakere,4106151.09718,778046199.657,23.26588682477909
382,382,16.0,17.0,33.0,59.6,10.4,30.0,0.03,0.98,4.5,2.6,0.46,0.1,10.8,70.93,4.26,Sandy Clay Loam,5.49,382,Haplustalfs,Typic Haplustalfs,Loamy Skeletal,Mixed,Isohyperthermic,Alfisols,Ustalfs,"7.5YR3/3, 5YR 3/4",Sandy Loam,10-50,,A-Bt-Cr,75-100(100),382,Kallur,5835677.71294,1103471547.9,24.229849561792143
382,382,17.0,0.0,17.0,70.0,12.4,17.6,0.06,1.22,4.9,0.66,0.4,0.1,9.0,67.33,4.44,Sandy Loam,5.18,382,Haplustalfs,Typic Haplustalfs,Loamy Skeletal,Mixed,Isohyperthermic,Alfisols,Ustalfs,"7.5YR3/3, 5YR 3/4",Sandy Loam,10-50,,A-Bt-Cr,75-100(100),382,Kallur,5835677.71294,1103471547.9,24.229849561792143
382,382,32.0,68.0,100.0,45.0,18.4,35.6,0.02,0.43,6.3,2.52,0.54,0.1,12.8,73.91,4.22,Sandy Clay,5.5,382,Haplustalfs,Typic Haplustalfs,Loamy Skeletal,Mixed,Isohyperthermic,Alfisols,Ustalfs,"7.5YR3/3, 5YR 3/4",Sandy Loam,10-50,,A-Bt-Cr,75-100(100),382,Kallur,5835677.71294,1103471547.9,24.229849561792143
382,382,35.0,33.0,68.0,45.4,9.6,35.0,0.02,0.56,5.4,2.4,0.46,0.1,13.0,64.31,3.54,Clay Loam,5.68,382,Haplustalfs,Typic Haplustalfs,Loamy Skeletal,Mixed,Isohyperthermic,Alfisols,Ustalfs,"7.5YR3/3, 5YR 3/4",Sandy Loam,10-50,,A-Bt-Cr,75-100(100),382,Kallur,5835677.71294,1103471547.9,24.229849561792143
547,547,10.0,0.0,10.0,63.0,9.75,25.5,0.46,1.1,10.4,3.2,1.25,0.25,17.82,84.74,1.4,Sandy Clay Loam,7.26,547,Haplustepts,Typic Haplustepts,Fine,Mixed,Isohyperthermic,Inceptisols,Ustepts,"7.5YR4/6, 10YR 5/6, 4/3, 6/3, 3/4",Sandy Clay Loam,10-30,,A-Bw1-Bw2,100-150(105),547,Nadaboganahalli,1193378.22909,202703358.273,2.298431549334816
547,547,18.0,10.0,28.0,66.0,3.25,29.5,0.27,0.5,11.4,3.4,0.17,0.2,12.87,117.87,1.55,Sandy Clay Loam,7.12,547,Haplustepts,Typic Haplustepts,Fine,Mixed,Isohyperthermic,Inceptisols,Ustepts,"7.5YR4/6, 10YR 5/6, 4/3, 6/3, 3/4",Sandy Clay Loam,10-30,,A-Bw1-Bw2,100-150(105),547,Nadaboganahalli,1193378.22909,202703358.273,2.298431549334816
547,547,19.0,28.0,47.0,54.0,4.25,42.75,0.23,1.3,18.8,7.2,0.65,0.18,30.03,89.34,0.6,Sandy Clay,6.91,547,Haplustepts,Typic Haplustepts,Fine,Mixed,Isohyperthermic,Inceptisols,Ustepts,"7.5YR4/6, 10YR 5/6, 4/3, 6/3, 3/4",Sandy Clay Loam,10-30,,A-Bw1-Bw2,100-150(105),547,Nadaboganahalli,1193378.22909,202703358.273,2.298431549334816
547,547,29.0,47.0,76.0,48.5,4.75,46.5,0.19,0.8,29.8,7.2,1.2,0.17,40.59,94.53,0.42,Sandy Clay,6.42,547,Haplustepts,Typic Haplustepts,Fine,Mixed,Isohyperthermic,Inceptisols,Ustepts,"7.5YR4/6, 10YR 5/6, 4/3, 6/3, 3/4",Sandy Clay Loam,10-30,,A-Bw1-Bw2,100-150(105),547,Nadaboganahalli,1193378.22909,202703358.273,2.298431549334816
547,547,29.0,76.0,105.0,48.5,4.75,46.25,0.19,1.5,15.8,7.8,0.22,0.36,25.08,96.41,1.44,Sandy Clay,6.54,547,Haplustepts,Typic Haplustepts,Fine,Mixed,Isohyperthermic,Inceptisols,Ustepts,"7.5YR4/6, 10YR 5/6, 4/3, 6/3, 3/4",Sandy Clay Loam,10-30,,A-Bw1-Bw2,100-150(105),547,Nadaboganahalli,1193378.22909,202703358.273,2.298431549334816
709,709,15.0,65.0,80.0,53.6,18.7,27.7,0.75,0.1,11.5,3.5,1.0,0.2,16.5,98.18,6.06,Clay Loam,7.5,709,Haplustepts,Fluventic Haplustepts,Fine Loamy,Mixed,Isohyperthermic,Inceptisols,Ustepts,"10YR4/3, 5YR 3//4",Sandy Clay Loam,,,A-Bw-Cr,100-150(140),709,Tumbapura,1427844.37942,126125818.551,4.560175370377746
709,709,17.0,18.0,35.0,72.0,13.0,15.0,1.77,0.18,6.5,5.5,0.68,0.1,13.5,94.67,5.04,Sandy Loam,7.4,709,Haplustepts,Fluventic Haplustepts,Fine Loamy,Mixed,Isohyperthermic,Inceptisols,Ustepts,"10YR4/3, 5YR 3//4",Sandy Clay Loam,,,A-Bw-Cr,100-150(140),709,Tumbapura,1427844.37942,126125818.551,4.560175370377746
709,709,18.0,0.0,18.0,65.4,13.1,21.5,1.52,0.44,9.5,4.0,0.72,0.2,15.4,93.64,4.68,Sandy Clay Loam,7.9,709,Haplustepts,Fluventic Haplustepts,Fine Loamy,Mixed,Isohyperthermic,Inceptisols,Ustepts,"10YR4/3, 5YR 3//4",Sandy Clay Loam,,,A-Bw-Cr,100-150(140),709,Tumbapura,1427844.37942,126125818.551,4.560175370377746
709,709,30.0,35.0,65.0,67.1,9.1,23.8,0.99,0.14,12.0,4.5,0.9,0.1,19.8,88.38,4.55,Sandy Clay Loam,7.2,709,Haplustepts,Fluventic Haplustepts,Fine Loamy,Mixed,Isohyperthermic,Inceptisols,Ustepts,"10YR4/3, 5YR 3//4",Sandy Clay Loam,,,A-Bw-Cr,100-150(140),709,Tumbapura,1427844.37942,126125818.551,4.560175370377746
709,709,60.0,80.0,140.0,69.2,9.8,21.0,0.79,0.17,8.5,6.0,0.7,0.1,15.7,97.45,4.46,Sandy Clay Loam,7.1,709,Haplustepts,Fluventic Haplustepts,Fine Loamy,Mixed,Isohyperthermic,Inceptisols,Ustepts,"10YR4/3, 5YR 3//4",Sandy Clay Loam,,,A-Bw-Cr,100-150(140),709,Tumbapura,1427844.37942,126125818.551,4.560175370377746
397,397,20.0,0.0,20.0,54.2,15.3,30.5,0.15,0.66,25.6,1.8,0.36,0.03,16.2,171.54,2.22,Sandy Clay Loam,6.25,397,LithicUstorthen,Lithic Ustorthents,Loamy Skeletal,Mixed,Isohyperthermic,Entisols,Orthents,10YR6/4,Sandy Clay Loam,60,,A-AC-R,10-25(20),397,Kanivehalli,638265.432496,148403927.441,5.768871248103054
441,441,10.0,0.0,10.0,78.7,5.6,15.7,0.03,0.26,4.3,1.1,0.2,0.2,6.4,90.63,3.13,Sandy Loam,6.3,441,Haplustepts,Typic Haplustepts,Loamy Skeletal,Mixed,Isohyperthermic,Inceptisols,Ustepts,"5YR,7.5YR 3/3, 3/4",Sandy Loam,40-60,,A-Bw-C,50-75(58),441,Koppali,1351067.04619,328662079.035,0.00013906902094838722
441,441,21.0,10.0,31.0,55.3,7.8,36.9,0.02,0.39,8.2,2.3,0.3,0.2,12.6,87.3,2.38,Sandy Clay,6.0,441,Haplustepts,Typic Haplustepts,Loamy Skeletal,Mixed,Isohyperthermic,Inceptisols,Ustepts,"5YR,7.5YR 3/3, 3/4",Sandy Loam,40-60,,A-Bw-C,50-75(58),441,Koppali,1351067.04619,328662079.035,0.00013906902094838722
441,441,27.0,31.0,58.0,64.2,8.7,27.1,0.02,0.39,7.4,1.9,0.4,0.1,12.8,76.56,3.13,Sandy Clay Loam,6.0,441,Haplustepts,Typic Haplustepts,Loamy Skeletal,Mixed,Isohyperthermic,Inceptisols,Ustepts,"5YR,7.5YR 3/3, 3/4",Sandy Loam,40-60,,A-Bw-C,50-75(58),441,Koppali,1351067.04619,328662079.035,0.00013906902094838722
251,251,18.0,0.0,18.0,85.7,4.4,9.9,0.1,0.23,3.36,1.71,0.17,0.15,5.7,94.56,2.98,Loamy Sand,6.4,251,Haplustepts,Lithic Haplargids,Loamy Skeletal,Mixed,Isohyperthermic,Inceptisols,Ustepts,"5YR3/4,2.5YR 3/4,3/6,7.5YR 3/4, 4/6",Loamy Sand,50,,Ap-Bw-R,25- 50(47),251,Guttapalli,2512883.58578,555877065.397,0.4091088577334915
251,251,29.0,18.0,47.0,67.5,5.4,27.1,0.1,0.44,5.16,1.32,0.16,0.12,7.8,86.67,2.05,Sandy Clay Loam,5.6,251,Haplustepts,Lithic Haplargids,Loamy Skeletal,Mixed,Isohyperthermic,Inceptisols,Ustepts,"5YR3/4,2.5YR 3/4,3/6,7.5YR 3/4, 4/6",Loamy Sand,50,,Ap-Bw-R,25- 50(47),251,Guttapalli,2512883.58578,555877065.397,0.4091088577334915
144,144,17.0,0.0,17.0,78.1,13.4,8.5,0.0,0.53,3.5,0.8,0.3,0.2,4.4,109.09,6.82,Loamy Sand,6.7,144,Rhodustalfs,Kanhaplic Rhodustalfs,Clayey Skeletal,Kaolinitic,Isohyperthermic,Alfisols,Ustalfs,"2.5YR3/4,3/6",Loamy Sand,50-60,,A-Bt-C,100-150(146),144,Channasandra,2864156.96364,552427310.872,1.8400556321999761
144,144,19.0,87.0,106.0,41.2,17.6,41.2,0.0,0.46,8.7,1.0,0.2,0.1,10.3,97.09,1.94,Clay,6.7,144,Rhodustalfs,Kanhaplic Rhodustalfs,Clayey Skeletal,Kaolinitic,Isohyperthermic,Alfisols,Ustalfs,"2.5YR3/4,3/6",Loamy Sand,50-60,,A-Bt-C,100-150(146),144,Channasandra,2864156.96364,552427310.872,1.8400556321999761
144,144,35.0,17.0,52.0,41.0,8.7,50.3,0.0,0.88,9.1,1.0,0.4,0.2,11.5,93.04,3.48,Clay,6.5,144,Rhodustalfs,Kanhaplic Rhodustalfs,Clayey Skeletal,Kaolinitic,Isohyperthermic,Alfisols,Ustalfs,"2.5YR3/4,3/6",Loamy Sand,50-60,,A-Bt-C,100-150(146),144,Channasandra,2864156.96364,552427310.872,1.8400556321999761
144,144,35.0,52.0,87.0,50.8,10.1,39.1,0.0,0.39,7.2,1.0,0.3,0.1,8.2,104.88,3.66,Sandy Clay,6.7,144,Rhodustalfs,Kanhaplic Rhodustalfs,Clayey Skeletal,Kaolinitic,Isohyperthermic,Alfisols,Ustalfs,"2.5YR3/4,3/6",Loamy Sand,50-60,,A-Bt-C,100-150(146),144,Channasandra,2864156.96364,552427310.872,1.8400556321999761
144,144,40.0,106.0,146.0,57.9,21.9,20.2,0.0,0.14,5.4,1.0,0.2,0.1,6.5,103.08,3.08,Sandy Clay,6.7,144,Rhodustalfs,Kanhaplic Rhodustalfs,Clayey Skeletal,Kaolinitic,Isohyperthermic,Alfisols,Ustalfs,"2.5YR3/4,3/6",Loamy Sand,50-60,,A-Bt-C,100-150(146),144,Channasandra,2864156.96364,552427310.872,1.8400556321999761
104,104,13.0,0.0,13.0,77.1,4.2,18.7,0.4,0.09,0.0,0.0,0.0,0.0,6.5,67.07,0.0,Sandy Loam,6.6,104,Rhodustalfs,Kanhaplic Rhodustalfs,Fine,Kaolinitic,Isohyperthermic,Alfisols,Ustalfs,2.5YR3/6,Sandy Loam,50,,Ap-Bt-Bc,>150(164),104,Bidare,2695230.51393,811077157.763,0.36570845448855116
104,104,41.0,13.0,54.0,44.3,10.7,45.0,0.3,0.38,0.0,0.0,0.0,0.0,7.7,93.63,0.0,Clay,6.0,104,Rhodustalfs,Kanhaplic Rhodustalfs,Fine,Kaolinitic,Isohyperthermic,Alfisols,Ustalfs,2.5YR3/6,Sandy Loam,50,,Ap-Bt-Bc,>150(164),104,Bidare,2695230.51393,811077157.763,0.36570845448855116
104,104,47.0,117.0,164.0,38.8,16.1,45.1,0.3,0.16,0.0,0.0,0.0,0.0,9.5,86.0,0.0,Clay,7.0,104,Rhodustalfs,Kanhaplic Rhodustalfs,Fine,Kaolinitic,Isohyperthermic,Alfisols,Ustalfs,2.5YR3/6,Sandy Loam,50,,Ap-Bt-Bc,>150(164),104,Bidare,2695230.51393,811077157.763,0.36570845448855116
104,104,63.0,54.0,117.0,44.3,18.8,36.9,0.5,0.32,0.0,0.0,0.0,0.0,7.8,96.79,0.0,Clay,6.3,104,Rhodustalfs,Kanhaplic Rhodustalfs,Fine,Kaolinitic,Isohyperthermic,Alfisols,Ustalfs,2.5YR3/6,Sandy Loam,50,,Ap-Bt-Bc,>150(164),104,Bidare,2695230.51393,811077157.763,0.36570845448855116
374,374,13.0,0.0,13.0,50.6,14.0,35.4,0.02,0.6,8.5,3.4,0.4,0.04,14.6,84.5,2.74,Sandy Clay Loam,6.04,374,Haplustalfs,Typic Haplustalfs,Fine,Mixed,Isohyperthermic,Alfisols,Ustalfs,"7.5YR4/4,4/6, 5YR3/4, 4/4, 2.5YR 3/6,3/4",Sandy Clay Loam,15,,A-Bt-Cr,100-150 (102),374,Kalkeri,6926977.54474,1709169430.92,0.385183727524096
374,374,21.0,81.0,102.0,34.0,24.0,42.0,0.02,0.44,13.3,4.5,0.52,0.06,22.6,81.3,2.3,Clay,6.82,374,Haplustalfs,Typic Haplustalfs,Fine,Mixed,Isohyperthermic,Alfisols,Ustalfs,"7.5YR4/4,4/6, 5YR3/4, 4/4, 2.5YR 3/6,3/4",Sandy Clay Loam,15,,A-Bt-Cr,100-150 (102),374,Kalkeri,6926977.54474,1709169430.92,0.385183727524096
374,374,27.0,54.0,81.0,35.4,18.2,46.4,0.02,0.56,10.7,3.7,0.46,0.06,19.8,75.3,2.32,Clay,6.06,374,Haplustalfs,Typic Haplustalfs,Fine,Mixed,Isohyperthermic,Alfisols,Ustalfs,"7.5YR4/4,4/6, 5YR3/4, 4/4, 2.5YR 3/6,3/4",Sandy Clay Loam,15,,A-Bt-Cr,100-150 (102),374,Kalkeri,6926977.54474,1709169430.92,0.385183727524096
374,374,41.0,13.0,54.0,40.0,13.8,46.2,0.02,0.68,9.0,3.8,0.42,0.04,18.6,71.2,2.26,Clay,6.05,374,Haplustalfs,Typic Haplustalfs,Fine,Mixed,Isohyperthermic,Alfisols,Ustalfs,"7.5YR4/4,4/6, 5YR3/4, 4/4, 2.5YR 3/6,3/4",Sandy Clay Loam,15,,A-Bt-Cr,100-150 (102),374,Kalkeri,6926977.54474,1709169430.92,0.385183727524096
644,644,18.0,0.0,18.0,81.5,4.5,14.0,0.22,0.48,0.0,0.0,0.0,0.0,5.1,92.03,0.0,Sandy Loam,6.7,644,Ustorthents,Typic Ustifluvents,Fine Loamy,Mixed,Isohyperthermic,Entisols,Orthents,"7.5YR3/2, 10YR 3/3, 4/6, 3/6",Sandy Loam,,,Ap-2A-3C,100-150(140),644,Shimsha,673263.741671,98533461.6403,9.723479890917001e-06
644,644,37.0,103.0,140.0,65.9,13.0,21.1,0.2,0.9,0.0,0.0,0.0,0.0,11.7,92.3,0.0,Sandy Clay Loam,7.1,644,Ustorthents,Typic Ustifluvents,Fine Loamy,Mixed,Isohyperthermic,Entisols,Orthents,"7.5YR3/2, 10YR 3/3, 4/6, 3/6",Sandy Loam,,,Ap-2A-3C,100-150(140),644,Shimsha,673263.741671,98533461.6403,9.723479890917001e-06
644,644,38.0,65.0,103.0,52.2,18.6,29.2,0.5,0.46,0.0,0.0,0.0,0.0,12.6,99.04,0.0,Sandy Clay Loam,7.0,644,Ustorthents,Typic Ustifluvents,Fine Loamy,Mixed,Isohyperthermic,Entisols,Orthents,"7.5YR3/2, 10YR 3/3, 4/6, 3/6",Sandy Loam,,,Ap-2A-3C,100-150(140),644,Shimsha,673263.741671,98533461.6403,9.723479890917001e-06
644,644,47.0,18.0,65.0,53.1,13.4,33.5,0.1,0.55,0.0,0.0,0.0,0.0,12.5,98.32,0.0,Sandy Clay Loam,6.8,644,Ustorthents,Typic Ustifluvents,Fine Loamy,Mixed,Isohyperthermic,Entisols,Orthents,"7.5YR3/2, 10YR 3/3, 4/6, 3/6",Sandy Loam,,,Ap-2A-3C,100-150(140),644,Shimsha,673263.741671,98533461.6403,9.723479890917001e-06
265,265,12.0,0.0,12.0,86.0,4.0,10.0,0.01,0.3,4.0,1.2,0.3,0.1,6.0,93.33,5.0,Loamy Sand,5.3,265,Ustorthents,Lithic Ustorthents,Sandy Skeletal,Mixed,Isohyperthermic,Entisols,Orthents,5YR4/6,Loamy Sand,35,,A-C,10-25(12),265,Hampasandra,1675269.10457,495543011.274,0.03675534872135037
159,159,10.0,0.0,10.0,37.33,8.5,51.5,0.18,0.54,18.25,10.6,0.36,0.43,36.8,80.54,1.17,Clay,7.96,159,Haplustepts,Typic Haplustepts,Fine,Mixed,Isohyperthermic,Inceptisols,Ustepts,"10YR3/3,3/2",Clay,10,,Ap-Bw,100-150(125),159,Chikkangala,16166367.7058,2006250406.56,0.0009921283515659572
159,159,20.0,10.0,30.0,37.08,11.75,47.5,0.18,0.45,17.5,9.0,0.41,0.12,32.0,84.47,0.38,Clay,8.36,159,Haplustepts,Typic Haplustepts,Fine,Mixed,Isohyperthermic,Inceptisols,Ustepts,"10YR3/3,3/2",Clay,10,,Ap-Bw,100-150(125),159,Chikkangala,16166367.7058,2006250406.56,0.0009921283515659572
159,159,95.0,30.0,125.0,38.75,6.5,50.75,0.34,0.33,17.25,9.5,0.3,0.16,32.64,83.36,0.49,Clay,8.91,159,Haplustepts,Typic Haplustepts,Fine,Mixed,Isohyperthermic,Inceptisols,Ustepts,"10YR3/3,3/2",Clay,10,,Ap-Bw,100-150(125),159,Chikkangala,16166367.7058,2006250406.56,0.0009921283515659572
62,62,20.0,0.0,20.0,66.85,5.5,26.5,0.05,0.51,8.0,3.5,0.47,0.06,15.5,77.61,3.03,Sandy Clay Loam,6.52,62,Rhodustalf,Typic Rhodustalfs,Fine,Mixed,Isohyperthermic,Alfisols,Ustalfs,"2.5YR3/4, 3/6",Gravelly Sandy Clay Loam,20,,A-Bt-Cr,100- 150 (115),62,Bannihatti,2705428.99541,548768824.27,0.005391611309819081
62,62,20.0,45.0,65.0,49.23,5.0,44.0,0.05,0.46,9.25,2.5,0.72,0.27,16.5,77.21,4.36,Sandy Clay,6.28,62,Rhodustalf,Typic Rhodustalfs,Fine,Mixed,Isohyperthermic,Alfisols,Ustalfs,"2.5YR3/4, 3/6",Gravelly Sandy Clay Loam,20,,A-Bt-Cr,100- 150 (115),62,Bannihatti,2705428.99541,548768824.27,0.005391611309819081
62,62,25.0,20.0,45.0,55.82,3.25,40.5,0.06,0.0,10.5,1.75,0.62,0.29,14.75,89.22,4.2,Sandy Clay,6.34,62,Rhodustalf,Typic Rhodustalfs,Fine,Mixed,Isohyperthermic,Alfisols,Ustalfs,"2.5YR3/4, 3/6",Gravelly Sandy Clay Loam,20,,A-Bt-Cr,100- 150 (115),62,Bannihatti,2705428.99541,548768824.27,0.005391611309819081
62,62,50.0,65.0,115.0,46.27,8.0,44.5,0.05,0.27,9.9,2.5,0.5,0.28,17.5,75.31,2.86,Sandy Clay,6.65,62,Rhodustalf,Typic Rhodustalfs,Fine,Mixed,Isohyperthermic,Alfisols,Ustalfs,"2.5YR3/4, 3/6",Gravelly Sandy Clay Loam,20,,A-Bt-Cr,100- 150 (115),62,Bannihatti,2705428.99541,548768824.27,0.005391611309819081
583,583,10.0,0.0,10.0,72.1,4.15,23.75,0.12,0.4,8.0,1.8,0.23,0.23,12.9,79.53,1.78,Sandy Clay Loam,5.15,583,Haplustepts,Typic Haplustepts,Clayey,Mixed,Isohyperthermic,Inceptisols,Ustepts,7.5YR2.5/3,Sandy Clay Loam,25,,A-Bw,25-50(32),583,Padadaridoddi,9969.20403341,1466020.30397,0.8916783111979635
583,583,22.0,10.0,32.0,53.27,9.73,39.0,0.12,0.12,20.6,2.8,0.14,0.53,30.4,79.18,1.74,Sandy Clay,5.75,583,Haplustepts,Typic Haplustepts,Clayey,Mixed,Isohyperthermic,Inceptisols,Ustepts,7.5YR2.5/3,Sandy Clay Loam,25,,A-Bw,25-50(32),583,Padadaridoddi,9969.20403341,1466020.30397,0.8916783111979635
179,179,15.0,0.0,15.0,56.0,8.25,35.75,0.23,3.0,15.0,7.0,0.06,0.13,25.7,86.34,0.51,Sandy Clay,6.04,179,Haplustolls,Typic Haplustolls,Clayey Skeletal,Mixed,Isohyperthermic,Mollisols,Ustolls,"5YR4/3, 3/4",Gravelly Sandy Clay,40-50,,Ap-Bw-Cr,75-100(82),179,Chunchinadoddi,62923.2184548,22499649.692,22.46796795462273
179,179,26.0,56.0,82.0,57.25,6.5,36.25,0.16,0.8,7.8,5.0,0.31,0.59,18.8,72.87,3.14,Sandy Clay,6.3,179,Haplustolls,Typic Haplustolls,Clayey Skeletal,Mixed,Isohyperthermic,Mollisols,Ustolls,"5YR4/3, 3/4",Gravelly Sandy Clay,40-50,,Ap-Bw-Cr,75-100(82),179,Chunchinadoddi,62923.2184548,22499649.692,22.46796795462273
179,179,41.0,15.0,56.0,53.25,4.5,42.25,0.17,1.5,10.4,5.2,0.31,0.29,21.1,76.78,1.37,Sandy Clay,6.31,179,Haplustolls,Typic Haplustolls,Clayey Skeletal,Mixed,Isohyperthermic,Mollisols,Ustolls,"5YR4/3, 3/4",Gravelly Sandy Clay,40-50,,Ap-Bw-Cr,75-100(82),179,Chunchinadoddi,62923.2184548,22499649.692,22.46796795462273
94,94,13.0,0.0,13.0,23.58,26.0,49.25,0.21,0.67,10.75,1.75,0.32,0.14,14.72,88.04,2.17,Clay,6.73,94,Ustifluvents,Typic Ustifluvents,Fine,Mixed,Isohyperthermic,Entisols,Orthents,"10YR3/3, 10YR 4/4",Clay,,,Ap-Ac,50-75(64),94,Bhairanahalli,2043221.69129,258525757.226,2.1040241134184982e-05
94,94,14.0,50.0,64.0,65.6,6.5,26.25,0.13,0.48,16.75,4.25,0.35,0.39,26.32,82.6,1.33,Sandy Clay Loam,6.96,94,Ustifluvents,Typic Ustifluvents,Fine,Mixed,Isohyperthermic,Entisols,Orthents,"10YR3/3, 10YR 4/4",Clay,,,Ap-Ac,50-75(64),94,Bhairanahalli,2043221.69129,258525757.226,2.1040241134184982e-05
94,94,37.0,13.0,50.0,20.98,28.0,50.25,0.22,0.52,19.0,5.0,0.26,0.14,28.8,84.72,0.9,Clay,7.01,94,Ustifluvents,Typic Ustifluvents,Fine,Mixed,Isohyperthermic,Entisols,Orthents,"10YR3/3, 10YR 4/4",Clay,,,Ap-Ac,50-75(64),94,Bhairanahalli,2043221.69129,258525757.226,2.1040241134184982e-05
70,70,11.0,0.0,11.0,0.0,10.0,30.8,0.33,1.4,8.0,3.6,1.26,0.23,19.1,68.53,1.2,Sandy Clay Loam,5.73,70,Haplustolls,Typic Haplustolls,Fine,Mixed,Isohyperthermic,Mollisols,Ustolls,"7.5YR3/3, 5YR 2.5/2",Gravelly Sandy Clay Loam,25-30,,Ap-Bw-Cr,75-100(88),70,Basavanadoddi,23526.0969285,4075188.71588,4.075188715883127
70,70,14.0,11.0,25.0,0.0,10.5,34.8,0.19,2.5,7.6,4.8,0.76,0.13,18.8,70.69,0.69,Sandy Clay Loam,5.54,70,Haplustolls,Typic Haplustolls,Fine,Mixed,Isohyperthermic,Mollisols,Ustolls,"7.5YR3/3, 5YR 2.5/2",Gravelly Sandy Clay Loam,25-30,,Ap-Bw-Cr,75-100(88),70,Basavanadoddi,23526.0969285,4075188.71588,4.075188715883127
70,70,24.0,58.0,82.0,0.0,9.5,40.5,0.15,0.9,9.4,3.8,0.51,0.26,20.3,68.82,1.28,Sandy Clay,5.64,70,Haplustolls,Typic Haplustolls,Fine,Mixed,Isohyperthermic,Mollisols,Ustolls,"7.5YR3/3, 5YR 2.5/2",Gravelly Sandy Clay Loam,25-30,,Ap-Bw-Cr,75-100(88),70,Basavanadoddi,23526.0969285,4075188.71588,4.075188715883127
70,70,33.0,25.0,58.0,0.0,8.75,33.01,0.12,0.7,6.8,3.2,0.3,0.12,19.5,53.44,0.62,Sandy Clay Loam,5.87,70,Haplustolls,Typic Haplustolls,Fine,Mixed,Isohyperthermic,Mollisols,Ustolls,"7.5YR3/3, 5YR 2.5/2",Gravelly Sandy Clay Loam,25-30,,Ap-Bw-Cr,75-100(88),70,Basavanadoddi,23526.0969285,4075188.71588,4.075188715883127
712,712,13.0,0.0,13.0,79.3,7.9,12.8,0.01,0.5,2.0,0.3,0.1,0.3,2.9,93.1,3.45,Sandy Loam,6.8,712,Paleustalfs,Kandic Paleustalfs,Fine,Mixed,Isohyperthermic,Alfisols,Ustalfs,"2.5YR3/4, 3/6",Sandy Loam,,,A-Btk-Ck,>150(160),712,Tyamagondalu,7601365.82327,1401877530.52,0.014705529308508606
712,712,21.0,13.0,34.0,50.6,9.3,40.1,0.1,0.46,5.0,0.6,0.2,0.2,8.0,75.0,2.5,Sandy Clay,5.9,712,Paleustalfs,Kandic Paleustalfs,Fine,Mixed,Isohyperthermic,Alfisols,Ustalfs,"2.5YR3/4, 3/6",Sandy Loam,,,A-Btk-Ck,>150(160),712,Tyamagondalu,7601365.82327,1401877530.52,0.014705529308508606
712,712,30.0,80.0,110.0,42.2,9.8,48.0,0.2,0.49,6.9,0.4,0.2,0.1,9.1,83.52,2.2,Clay,6.5,712,Paleustalfs,Kandic Paleustalfs,Fine,Mixed,Isohyperthermic,Alfisols,Ustalfs,"2.5YR3/4, 3/6",Sandy Loam,,,A-Btk-Ck,>150(160),712,Tyamagondalu,7601365.82327,1401877530.52,0.014705529308508606
712,712,46.0,34.0,80.0,46.2,10.5,43.3,0.1,0.5,6.4,0.3,0.1,0.1,8.7,79.31,1.15,Sandy Clay,6.1,712,Paleustalfs,Kandic Paleustalfs,Fine,Mixed,Isohyperthermic,Alfisols,Ustalfs,"2.5YR3/4, 3/6",Sandy Loam,,,A-Btk-Ck,>150(160),712,Tyamagondalu,7601365.82327,1401877530.52,0.014705529308508606
712,712,50.0,110.0,160.0,38.5,11.8,49.7,0.09,0.36,7.3,0.2,0.5,0.1,9.4,86.17,5.32,Clay,6.5,712,Paleustalfs,Kandic Paleustalfs,Fine,Mixed,Isohyperthermic,Alfisols,Ustalfs,"2.5YR3/4, 3/6",Sandy Loam,,,A-Btk-Ck,>150(160),712,Tyamagondalu,7601365.82327,1401877530.52,0.014705529308508606
